{
  "pagination": {
    "DescribeCustomDomains": {
      "input_token": "NextToken",
      "output_token": "NextToken",
      "limit_key": "MaxResults"
    },
    "ListAutoScalingConfigurations": {
      "input_token": "NextToken",
      "output_token": "NextToken",
      "limit_key": "MaxResults"
    },
    "ListConnections": {
      "input_token": "NextToken",
      "output_token": "NextToken",
      "limit_key": "MaxResults"
    },
    "ListObservabilityConfigurations": {
      "input_token": "NextToken",
      "output_token": "NextToken",
      "limit_key": "MaxResults"
    },
    "ListOperations": {
      "input_token": "NextToken",
      "output_token": "NextToken",
      "limit_key": "MaxResults"
    },
    "ListServices": {
      "input_token": "NextToken",
      "output_token": "NextToken",
      "limit_key": "MaxResults"
    },
    "ListVpcConnectors": {
      "input_token": "NextToken",
      "output_token": "NextToken",
      "limit_key": "MaxResults"
    }
  }
}
